Cluster,Age,Annual Income,Marital Status,Education Level,Occupation,Health Score,Premium Amount
0,37.529411764705884,51002.029411764706,0.8529411764705882,1.411764705882353,1.2058823529411764,30.112362505602345,1107.1764705882354
1,41.51063829787234,15377.234042553191,0.9787234042553191,1.2553191489361701,1.1702127659574468,27.65178656452706,983.1914893617021
2,37.421052631578945,99619.47368421052,0.631578947368421,1.5263157894736843,1.0526315789473684,31.720074863692993,1063.157894736842
