Cluster,Age,Annual Income,Marital Status,Education Level,Occupation,Health Score,Premium Amount
0,41.03703703703704,14988.185185185184,0.9444444444444444,1.462962962962963,1.0185185185185186,29.69650418276485,1104.8703703703704
1,42.55555555555556,57540.333333333336,0.9722222222222222,1.1666666666666667,0.8888888888888888,33.019128138275875,910.2222222222222
2,43.5,112406.0,0.7,1.6,0.7,28.900115217105963,900.6
