Cluster,Age,Annual Income,Marital Status,Education Level,Occupation,Health Score,Premium Amount
0,37.42424242424242,57190.48484848485,0.8484848484848485,1.4848484848484849,1.1818181818181819,25.234891435616856,1030.4545454545455
1,42.698113207547166,16267.433962264151,1.169811320754717,1.5660377358490567,1.150943396226415,28.302100023664583,1331.3396226415093
2,36.142857142857146,105013.0,0.7142857142857143,1.1428571428571428,1.2142857142857142,32.83142169552892,851.0714285714286
